{"cameraMode":{"drawMode":0,"name":"Shaded","section":"Shading Mode"},"sceneLighting":true,"audioPlay":false,"sceneViewState":{"showFog":true,"showMaterialUpdate":false,"showSkybox":true,"showFlares":true,"showImageEffects":true,"showParticleSystems":true},"in2DMode":false,"pivot":{"x":2.697896718978882,"y":2.9479153156280519,"z":2.9007632732391359},"rotation":{"x":-0.18221765756607057,"y":0.8003244400024414,"z":-0.29987189173698428,"w":-0.4862484335899353},"size":1.6311461925506592,"orthographic":false}