{"cameraMode":{"drawMode":0,"name":"Shaded","section":"Shading Mode"},"sceneLighting":true,"audioPlay":false,"sceneViewState":{"showFog":true,"showMaterialUpdate":false,"showSkybox":true,"showFlares":true,"showImageEffects":true,"showParticleSystems":true},"in2DMode":false,"pivot":{"x":2.7885899543762209,"y":-5.24148416519165,"z":8.676530838012696},"rotation":{"x":-0.32973095774650576,"y":0.010842128656804562,"z":-0.003598214825615287,"w":-0.9441026449203491},"size":10.0,"orthographic":false}